scorer,,,David,David,David,David,David,David,David,David,David,David,David,David,David,David,David,David,David,David
bodyparts,,,nose,nose,ear_left,ear_left,ear_right,ear_right,tail_base,tail_base,lever_tip,lever_tip,upper_lever_tip,upper_lever_tip,stick_head,stick_head,ball,ball,sliding_door,sliding_door
coords,,,x,y,x,y,x,y,x,y,x,y,x,y,x,y,x,y,x,y
labeled-data,E2_side,img05030.png,603.0515694828349,347.75184951108696,516.3221070895922,242.01191591439903,526.3908839515758,252.69092167710878,314.27199732440863,388.8620487503583,789.400240491844,370.71784480060296,487.0874401395572,93.77395077158502,731.6155094221762,419.3415819202016,746.4140381107496,348.8723976888993,703.4278357296552,346.7583221619602
labeled-data,E2_side,img06032.png,600.2504245105825,243.27375846021977,639.8194095323174,158.83915262643896,668.7951229734305,127.68247150696263,820.8512973217444,375.35342657152995,,,302.3827424361087,175.2828673910743,732.2486400065636,418.2256885521503,,,698.949873385076,353.14980487291956
labeled-data,E2_side,img08179.png,763.0609151538952,353.27582529255585,773.3502580292441,220.08599807276198,704.7546388602516,237.80653302475173,591.0002370716721,315.54823447703546,787.6410120227843,355.56234565894783,487.5351781584417,95.47062297651763,728.1914754096573,415.5835124318163,732.1251274901133,354.4518587999754,695.6720495152829,352.95788019444956
labeled-data,E2_side,img11623.png,707.3681054574968,421.7622198723516,612.2034585807271,331.6357013596462,599.6572696693156,353.63212472534235,346.43323562373655,464.79631519639815,791.6872249381462,357.8929433371656,491.4945593724742,94.9655741865425,730.9585937432516,422.7621630226211,739.9298688061338,351.6820606013241,700.5942781458043,350.3018644378038
labeled-data,E2_side,img18880.png,671.7217049954469,369.92453126701923,739.847129407425,269.5291689756829,706.9796000858565,259.3701144581072,,,486.5936380057143,93.84929460754458,220.7170875669515,376.7200163114654,720.6746338415853,451.8232903676092,847.3086197206662,387.13579974539476,664.4703521922837,351.6397824850063
