scorer,,,David,David,David,David,David,David,David,David,David,David,David,David,David,David,David,David,David,David
bodyparts,,,nose,nose,ear_left,ear_left,ear_right,ear_right,tail_base,tail_base,lever_tip,lever_tip,upper_lever_tip,upper_lever_tip,stick_head,stick_head,ball,ball,sliding_door,sliding_door
coords,,,x,y,x,y,x,y,x,y,x,y,x,y,x,y,x,y,x,y
labeled-data,E1_side,img04322.png,767.9911610279717,346.9533769653935,804.6378784249677,206.9376429106639,720.2240604208527,214.7724583541596,,,805.0585296824217,354.1795799634233,496.333122702756,80.6644523854207,738.0424246161227,425.9634551188019,,,720.477370739044,329.0880039649463
labeled-data,E1_side,img12776.png,711.4788252806627,386.71982955247347,648.2307626081258,286.08374953656494,613.6468465655071,295.7423206836026,433.4387349360795,422.27757183140847,501.99175772929226,81.84773163563644,235.0477716720868,359.16219203778303,736.5329440093626,457.3077261284519,761.5723939057356,333.0378636797859,718.4488968619821,327.4735414805919
labeled-data,E1_side,img13811.png,796.7808051527662,350.73352378313274,788.193455028901,212.56748257767106,763.2184671814964,204.39385019124774,571.1381061005488,311.1051627689946,499.79752122959275,79.86923925811422,231.77386190604324,360.9222605242852,727.4603335746367,464.3226543115648,756.4928302464091,338.1483007550941,716.7112313361629,330.0446417178217
labeled-data,E1_side,img14100.png,718.7387505127155,397.24733853177725,771.3344205769896,259.5775661976402,681.1704147525196,254.24528628328977,,,807.9318216118077,361.03675529490476,500.96651643279915,80.40871349214169,723.470953618767,470.0185204472155,781.5945616999993,344.6894905220581,679.424156869708,348.7763067152698
labeled-data,E1_side,img15387.png,840.1647585868263,278.3899391013359,737.7228151841862,177.06757550872453,783.0659704607647,183.22528795369197,620.8361863584915,343.49935093960835,805.5792739829515,364.3309157162537,501.8769875023853,79.81560097555109,727.7350056070663,483.2901145723599,803.9346767637426,323.2159894184597,605.4771197534293,340.8081030051934
